-- phpMyAdmin SQL Dump
-- version 4.1.14
-- http://www.phpmyadmin.net
--
-- Host: 127.0.0.1
-- Generation Time: Dec 13, 2015 at 01:16 PM
-- Server version: 5.6.17
-- PHP Version: 5.5.12

SET SQL_MODE = "NO_AUTO_VALUE_ON_ZERO";
SET time_zone = "+00:00";


/*!40101 SET @OLD_CHARACTER_SET_CLIENT=@@CHARACTER_SET_CLIENT */;
/*!40101 SET @OLD_CHARACTER_SET_RESULTS=@@CHARACTER_SET_RESULTS */;
/*!40101 SET @OLD_COLLATION_CONNECTION=@@COLLATION_CONNECTION */;
/*!40101 SET NAMES utf8 */;

--
-- Database: `alano`
--

-- --------------------------------------------------------

--
-- Table structure for table `baiviet`
--

CREATE TABLE IF NOT EXISTS `baiviet` (
  `MaBaiViet` varchar(5) COLLATE utf8_vietnamese_ci NOT NULL,
  `TieuDe` tinytext COLLATE utf8_vietnamese_ci NOT NULL,
  `NoiDung` longtext COLLATE utf8_vietnamese_ci NOT NULL,
  `HinhAnhMinhHoa` text COLLATE utf8_vietnamese_ci,
  `NgayDang` datetime NOT NULL,
  `SoLuotView` int(11) DEFAULT NULL,
  `SoLuotLike` int(11) DEFAULT NULL,
  `SoLuotUnlike` int(11) DEFAULT NULL,
  `SoLuotShare` int(11) DEFAULT NULL,
  `Nhan` text COLLATE utf8_vietnamese_ci NOT NULL,
  `TaiKhoanTacGia` varchar(30) COLLATE utf8_vietnamese_ci NOT NULL,
  PRIMARY KEY (`MaBaiViet`),
  KEY `FK_BaiViet_TaiKhoan` (`TaiKhoanTacGia`)
) ENGINE=InnoDB DEFAULT CHARSET=utf8 COLLATE=utf8_vietnamese_ci;

--
-- Dumping data for table `baiviet`
--

INSERT INTO `baiviet` (`MaBaiViet`, `TieuDe`, `NoiDung`, `HinhAnhMinhHoa`, `NgayDang`, `SoLuotView`, `SoLuotLike`, `SoLuotUnlike`, `SoLuotShare`, `Nhan`, `TaiKhoanTacGia`) VALUES
('1', 'TP HCM giới thiệu 1 ứng viên bầu Chủ tịch UBND TP', '8h sáng 8/12, sau nghi thức chào cờ, bà Nguyễn Thị Quyết Tâm - Chủ tịch HĐND TP HCM phát biểu khai mạc kỳ họp lần thứ 20, HĐND khóa XIII.\r\n\r\nTheo bà Tâm, kỳ họp này sẽ bầu Chủ tịch UBND TP, 2 Phó chủ tịch UBND và 5 ủy viên UBND trong buổi sáng ngày làm việc thứ 4 (11/12).\r\nTrao đổi bên lề cuộc họp HĐND TP HCM, bà Nguyễn Thị Quyết Tâm - Chủ tịch HĐND TP HCM, nói: “Ai là chủ tịch thì phải chờ HĐND bầu vào thứ 6 tuần này, chúng tôi chưa thông tin thêm được gì”.\r\n\r\nCòn bà Võ Thị Dung - Trưởng ban Tổ chức Thành ủy TP HCM cho biết, Thành ủy sẽ giới thiệu một ứng làm Chủ tịch UBND TP. Khi được hỏi về thông tin ông Nguyễn Thành Phong - Phó bí thư Thành ủy, được Thành ủy giới thiệu để HĐND bầu vào vị trí Chủ tịch UBND thì bà Dung không xác nhận cũng như phủ nhận.\r\n\r\nTrong khi đó ông Nguyễn Thành Phong thì không muốn đề cập đến thông tin này.\r\n\r\nBáo Thanh Niên sáng nay thông tin, đối với chức danh chủ tịch, ông Nguyễn Thành Phong sẽ được giới thiệu để HĐND TP bầu, thay ông Lê Hoàng Quân đã làm 2 nhiệm kỳ từ 2006 đến nay.\r\n\r\nChủ tịch UBND TP HCM đương nhiệm hiện nay là ông Lê Hoàng Quân, các phó chủ tịch là ông Tất Thành Cang, ông Nguyễn Hữu Tín, ông Hứa Ngọc Thuận, bà Nguyễn Thị Hồng, ông Lê Thanh Liêm. Trong 6 người này chỉ có ông Tất Thành Cang và ông Lê Thanh Liêm vừa được bầu vào Ban chấp hành Đảng bộ TP HCM khóa X.  \r\n\r\nTại Hội nghị Thành ủy TP HCM khóa X lần thứ 1, Ban chấp hành Đảng bộ TP đã bầu 4 phó bí thư là ông Võ Văn Thưởng, ông Nguyễn Thành Phong, ông Tất Thành Cang, bà Nguyễn Thị Quyết Tâm.\r\nDự kiến, trong ngày đầu kỳ họp, UBND TP sẽ báo cáo tình hình kinh tế văn hóa xã hội 2015, nhiệm vụ giải pháp năm 2016; báo cáo kết quả giải quyết tín nhiệm cử tri từ sau kỳ họp đến nay; báo cáo quyết toán ngân sách 2014, mức thu chi 2015 và phân bổ ngân sách 2016.\r\n\r\nNgoài ra, kỳ họp cũng sẽ xem xét, thông qua các tờ trình của UBND TP. Tiếp đó, đại biểu sẽ nghe các cơ quan Tư pháp, Viện kiểm sát, Tòa án… báo cáo kết quả thực hiện nhiệm vụ  năm 2015, phương hướng 2016.\r\n\r\nCòn HĐND TP sẽ báo cáo kết quả giám sát 2015, chương trình giám sát 2016, đánh giá lại đề án thí điểm nâng cao chất lượng hiệu quả hoạt động của HĐND. Ban Kinh tế - Ngân sách báo cáo thẩm tra tình hình kinh tế - văn hóa - xã hội năm 2015 và giải pháp nhiệm vụ năm 2016.\r\n\r\nTheo chương trình, sẽ có 4 buổi họp được truyền hình trực tiếp là lễ khai mạc, thảo luận kinh tế - xã hội, chất vấn và trả lời chất vấn, và lễ bế mạc với phát biểu của Chủ tịch UBND thành phố.', NULL, '2015-12-08 08:58:00', NULL, NULL, NULL, NULL, 'Treding', 'lqtuan'),
('2', 'Bí ẩn vụ TNGT, xác nạn nhân cách hiện trường 5 km', 'Khoảng 1h30 ngày 6/12, trên QL1A tại km 1681+600 thuộc địa bàn thôn 3, xã Hồng Sơn, huyện Hàm Thuận Bắc (Bình Thuận), người dân phát hiện một xe máy nằm bên lề đường. \r\n\r\nHiện trường để lại có dấu hiệu như một vụ TNGT khi có vết cày trên dải phân cách giữa đường và vết cày trên mặt đường dài khoảng 50 m kéo dài từ dải phân cách đến vị trí xe gắn máy. Ngoài ra còn một đôi giày nam và 1 mũ bảo hiểm nằm trên mặt đường. \r\nSau khi nhận được tin báo của người dân, công an xã Hồng Sơn đã có mặt tại hiện trường, tổ chức tìm kiếm xung quanh nhưng không thấy nạn nhân nào. \r\n\r\nBất ngờ, cùng thời điểm trên cách đó 5 km, cũng trên QL1A tại km 1675 + 500 thuộc địa bàn thôn Liêm Thái, xã Hồng Liêm, huyện Hàm Thuận Bắc (Bình Thuận), một nhóm thanh niên đi chơi về khuya phát hiện trên đường có xác một người nằm bất động, người đầy máu nằm trên làn đường dành cho ôtô. \r\n\r\nNghĩ rằng nạn nhân đã chết nên nhóm thanh niên này vội chạy đến công an xã Hồng Liêm để trình báo. \r\n\r\nKhi nhóm người này cùng công an xã trở lại hiện trường thì bất ngờ phát hiện xác của nạn nhân nằm cách vị trí phát hiện ban đầu khoảng 200 m. Thi thể nạn nhân bị biến dạng nghi do có xe ôtô cán qua. \r\n\r\nTung tích nạn nhân ngay sau đó được người thân nhận diện tại hiện trường là Đặng Văn Nhân (25 tuổi, thường trú tại thôn Liêm Bình, xã Hồng Liêm, huyện Hàm Thuận Bắc). \r\n\r\nNgười thân của Nhân cũng xác nhận xe gắn, đôi giày và mũ bảo hiểm nằm cách đó 5 km là của Nhân. \r\n\r\nĐược biết, anh Đặng Văn Nhân là công nhân đường sắt thuộc ga Sông Lũy (Bình Thuận). Đêm tối bị nạn Nhân đi cùng nhóm bạn từ Hồng Liêm đi Phan Thiết chơi. Do có việc nên một mình Nhân chạy về trước và gặp nạn. \r\n\r\nCơ quan công an đã khám nghiệm hiện trường tại cả 2 vị trí phát hiện xe gắn máy và vị trí phát hiện tử thi. Đồng thời trưng cầu giám định pháp y để điều tra làm rõ vụ TNGT bí ẩn trên', NULL, '0000-00-00 00:00:00', NULL, NULL, NULL, NULL, 'Trending', 'ndtrung'),
('3', 'Dân mạng dậy sóng vì chiếc áo nhái của Sơn Tùng M-TP', 'Tối 5/12, Sơn Tùng M-TP tổ chức live show đầu tiên tại sân vận động Phú Thọ (TP HCM). Không chỉ là đại tiệc với các fan, đây còn là sự kiện thu hút sự chú ý của truyền thông bởi Sơn Tùng M-TP đang là cái tên hot của Vpop.\r\n\r\nThu hút hơn 10.000 khán giả, có thể nói đó cũng là một thành công với chàng ca sĩ mới có 3 năm làm quen với showbiz.\r\n\r\nTuy nhiên, Sơn Tùng vẫn là Sơn Tùng. Câu chuyện về anh chưa bao giờ dừng lại ở âm nhạc, mà đó còn là phong cách, là trang phục, là cách biểu diễn, là đạo cụ sử dụng...\r\n\r\nTheo Dân Việt, tủ đồ mà Sơn Tùng huy động cho live show lần này lên tới 800 triệu đồng, trong đó, phần lớn là hàng hiệu, nổi bật là nhà mốt Saint Laurent của Pháp.\r\n\r\nDẫu vậy, khi thông tin này vừa được đưa ra, Sơn Tùng M-TP đã dính nghi án "đạo". Và cái tên được nhắc tới là nguyên mẫu ở đây không ai khác là trưởng nhóm Big Bang - G-Dragon.\r\nChiếc áo lông đỏ mà Sơn Tùng M-TP sử dụng trong một phần trình diễn gợi người hâm mộ nhớ tới hình ảnh G-Dragon. Không chỉ là chiếc áo, ngay cả màu tóc của 2 anh chàng cũng giống nhau.\r\n\r\nTuy nhiên, chiếc áo choàng quá dài và to đã nuốt chửng thân hình bé nhỏ của chàng ca sĩ Thái Bình. Cũng là người nhỏ con nhưng G-Dragon biết chọn chiếc áo vừa vặn hơn. Chính điều này đã biến tấm ảnh Sơn Tùng M-TP đặt cạnh G-Dragon như một bức tranh biếm họa và được cư dân mạng lan truyền rầm rộ trên mạng xã hội.\r\n\r\nCũng trong live show này, khi trình diễn ca khúc Remember me, Sơn Tùng nằm dài trên sân khấu, đọc rap mà không có nhạc nền. Hình ảnh này cũng khiến ngôi sao Vpop bị tố "đạo phong cách" vì tại một buổi biểu diễn ở London hồi cuối tháng 12/2012, ở phần rap freestyle, G-Dragon cũng thực hiện đúng những điều như thế.\r\n\r\n\r\nDân mạng dậy sóng vì chiếc áo nhái của Sơn Tùng M-TP\r\n\r\n    19:35 07/12/2015\r\n    31\r\n    21\r\n\r\n    Abc\r\n\r\nMột lần nữa, Sơn Tùng M-TP lại bị chế nhạo vì chiếc áo giống trưởng nhóm G-Dragon của nhóm nhạc xứ Hàn Big Bang.\r\n\r\nTối 5/12, Sơn Tùng M-TP tổ chức live show đầu tiên tại sân vận động Phú Thọ (TP HCM). Không chỉ là đại tiệc với các fan, đây còn là sự kiện thu hút sự chú ý của truyền thông bởi Sơn Tùng M-TP đang là cái tên hot của Vpop.\r\n\r\nThu hút hơn 10.000 khán giả, có thể nói đó cũng là một thành công với chàng ca sĩ mới có 3 năm làm quen với showbiz.\r\n\r\nTuy nhiên, Sơn Tùng vẫn là Sơn Tùng. Câu chuyện về anh chưa bao giờ dừng lại ở âm nhạc, mà đó còn là phong cách, là trang phục, là cách biểu diễn, là đạo cụ sử dụng...\r\n\r\nTheo Dân Việt, tủ đồ mà Sơn Tùng huy động cho live show lần này lên tới 800 triệu đồng, trong đó, phần lớn là hàng hiệu, nổi bật là nhà mốt Saint Laurent của Pháp.\r\n\r\nDẫu vậy, khi thông tin này vừa được đưa ra, Sơn Tùng M-TP đã dính nghi án "đạo". Và cái tên được nhắc tới là nguyên mẫu ở đây không ai khác là trưởng nhóm Big Bang - G-Dragon.\r\nDân mạng dậy sóng vì chiếc áo nhái của Sơn Tùng M-TP\r\nHình ảnh chiếc áo gây bão cộng đồng mạng của Sơn Tùng M-TP (phải) và G-Dragon.\r\n\r\nChiếc áo lông đỏ mà Sơn Tùng M-TP sử dụng trong một phần trình diễn gợi người hâm mộ nhớ tới hình ảnh G-Dragon. Không chỉ là chiếc áo, ngay cả màu tóc của 2 anh chàng cũng giống nhau.\r\n\r\nTuy nhiên, chiếc áo choàng quá dài và to đã nuốt chửng thân hình bé nhỏ của chàng ca sĩ Thái Bình. Cũng là người nhỏ con nhưng G-Dragon biết chọn chiếc áo vừa vặn hơn. Chính điều này đã biến tấm ảnh Sơn Tùng M-TP đặt cạnh G-Dragon như một bức tranh biếm họa và được cư dân mạng lan truyền rầm rộ trên mạng xã hội.\r\n\r\nCũng trong live show này, khi trình diễn ca khúc Remember me, Sơn Tùng nằm dài trên sân khấu, đọc rap mà không có nhạc nền. Hình ảnh này cũng khiến ngôi sao Vpop bị tố "đạo phong cách" vì tại một buổi biểu diễn ở London hồi cuối tháng 12/2012, ở phần rap freestyle, G-Dragon cũng thực hiện đúng những điều như thế.\r\n\r\nPhần biểu diễn của Sơn Tùng M-TP và G-Dragon\r\n\r\nThực tế, sự giống nhau giữa Sơn Tùng M-TP và G-Dragon vốn là một câu chuyện dài kỳ, kéo dài nhiều năm, ngay từ khi chàng ca sĩ sinh năm 1994 mới nổi. Từ phong cách thời trang, ý tưởng MV cho đến cái chất ngông "cộp mác" Sơn Tùng cũng đều khiến người hâm mộ liên tưởng tới G-Dragon.\r\n\r\nTuy nhiên, ai thấy giống cứ thấy, ai chê trách cứ chê trách, mỗi lần tái xuất, Sơn Tùng M-TP vẫn khiến fan Big Bang phát điên khi lại thấy hình bóng thần tượng trong chàng ca sĩ xứ Việt. Dường như, Sơn Tùng M-TP không màng đến đổi thay, để những ì xèo, ồn ào mãi là thứ phụ kiện không thể thiếu trong sự nghiệp!', NULL, '0000-00-00 00:00:00', NULL, NULL, NULL, NULL, 'omg', 'thanhluandang'),
('4', 'Phạm Hương khoe giọng hát ở Hoa hậu Hoàn vũ', 'Cuộc thi Miss Universe (Hoa hậu Hoàn vũ 2015) đang trong giai đoạn khởi động. Hiện, các thí sinh chưa có mặt đầy đủ tại Las Vegas, Mỹ và buổi tiệc chào mừng cũng chưa diễn ra. Phạm Hương cho biết do thời gian khởi hành của các người đẹp khác nhau, hầu hết cô gái đều phải tham gia hoạt động chụp ảnh ngay khi đến. \r\n\r\nĐại diện Việt Nam đã hoàn thành phần chụp hình để ban tổ chức đăng lên website. Cô cũng chăm chỉ đăng ảnh, cập nhật thông tin trên trang cá nhân, chia sẻ với khán giả nước nhà. Hôm 7/12 (theo giờ Việt Nam), Phạm Hương cùng một số thí sinh như Great Britain, Na Uy và Aruba ghi hình cho một kênh truyền hình. Cô được khen xinh đẹp, quyến rũ dù tự trang điểm. \r\nTại buổi này, Phạm Hương còn tự tin khoe giọng hát trong trẻo với ca khúc Hello Vietnam, khiến người hâm mộ nức lòng. "Tôi thật tự hào khi cô gái này hát bài Hello Vietnam! Tôi tin rằng cô ấy sẽ làm được việc lớn", "Thật không ngờ Hương lại có chất giọng nghệ sĩ và đầy tính thanh nhạc. Chúc em thành công!", "Làm giảng viên, có nhan sắc, giọng hát hay! Xuất sắc",  "Tinh thần tự tin hiếm hoa hậu nào có. Có lẽ những đợt thi tiếp theo Hương nên là người hướng dẫn cho các thế hệ hoa hậu kế tiếp về thần thái và phong cách"... là những lời khen của cộng đồng mạng dành cho Hoa hậu Hoàn vũ Việt Nam 2015. \r\nPhạm Hương khoe giọng hát ở Hoa hậu Hoàn vũ\r\nTuy những hoạt động chính của Miss Universe chưa diễn ra, đại diện Việt Nam đang ghi điểm ấn tượng. Cô là một trong những thí sinh được nhắc đến nhiều nhất trên diễn đàn Missosology, bên cạnh đại diện của Ấn Độ, Philippines, Pháp, Colombia, Mỹ, Mexico... Phần đông ý kiến khen Phạm Hương sở hữu gương mặt đẹp, thần thái rạng rỡ, nổi bật. Thậm chí cô còn được đánh giá là người có ngoại hình đẹp nhất trong dàn thí sinh Đông Nam Á và là đối thủ đáng gờm của hoa hậu Philippines - Pia Wurtzbach. \r\n\r\nTuy nhiên, bên cạnh đó, một số ý kiến khác khuyên Phạm Hương nên "cẩn thận" khi trang điểm và làm tóc, tránh để già hơn tuổi. ', NULL, '0000-00-00 00:00:00', NULL, NULL, NULL, NULL, 'cute', 'nvtiep'),
('5', 'Lumia 550 lên kệ tại một số thị trường, giá 139 USD', 'Microsoft Lumia 550 chính thức ra mắt từ tháng 9 nhưng hiệu ứng của sản phẩm gần như bị che mờ hoàn toàn bởi bộ đôi Lumia 950 và 950 XL. Microsoft cho nhận đặt trước thiết bị này từ ngày 14/11 và dự kiến lên kệ ngày 8/12. Tuy nhiên, máy đã có mặt trên thị trường sớm hơn đôi chút.\r\nCụ thể, Lumia 550 đã có mặt trên các kệ hàng tại nhiều thị trường châu Âu với giá tương đương 139 USD. Dành cho những người lần đầu sử dụng smartphone, Lumia 550 trang bị kết nối 4G LTE cùng màn hình 4,7 inch HD.\r\n\r\nMáy sử dụng chip Snapdragon 210 SoC, RAM 1 GB, camera sau 5 megapixel, dung lượng lưu trữ trong 8 GB, mở rộng tối đa 200 GB qua khe cắm thẻ nhớ SD. Khi ra mắt, Lumia 550 sẽ kế nhiệm những sản phẩm như Lumia 435 hay 632. Sau châu Âu, máy sẽ lên kệ tại hàng loạt thị trường khác trong một vài tuần tới.\r\n\r\nKhi bán ra, Lumia 550 sẽ tích hợp sẵn nền tảng Windows 10 Mobile. Đây sẽ là smartphone thứ 3 của Microsoft chạy phiên bản hệ điều hành mới. Trong khi đó, một loạt smartphone đời cũ của Microsoft cũng sẽ cập nhật lên phiên bản này, bắt đầu từ ngày 14/12, chẳng hạn như Lumia 630, 635, 735 và 830. Một số sản phẩm cao cấp như Lumia 930 hay 1020 phải đợi đến tháng 2 để được lên đời Windows 10 Mobile.', NULL, '2015-12-07 06:31:00', NULL, NULL, NULL, NULL, 'trending', 'nthuong'),
('6', 'Những cảnh phim ngọt ngào nhất màn ảnh 2015', 'Sau những thành công của The Note Book, Dear John hay The Walk To Remember, tiểu thuyết The Longest Ride của nhà văn Nicholas Sparks đã được chuyển thể lên màn bạc với bộ phim cùng tên. Đồng thời bộ phim cũng đánh một dấu mốc quan trọng trong sự nghiệp của nhà văn này khi đây là tác phẩm thứ 10 của ông được chuyển thể lên màn ảnh rộng.\r\n\r\nThe Longest Ride xây dựng với hai câu chuyện tình yêu khác lạ, giao nhau bởi định mệnh và thời gian. Lấy bối cảnh ở Bắc Carolina với những cánh rừng ngập tràn ánh nắng, anh chàng cao bồi điển trai Luke phải lòng nữ sinh viên trong sáng Sophia ngay từ cái nhìn đầu tiên. Sự khác nhau về hoàn cảnh khiến Luke và Sophia buộc phải hy sinh và lựa chọn.\r\nPhim mang thông điệp khá đơn giản “Thời gian có thể thay đổi, nhưng tình yêu đích thực thì không”, nội dung dễ xem, dễ cảm nhận và “sến” đúng chất thường thấy của nhà văn Nicholas Sparks.\r\n\r\nĐương nhiên bộ phim không thể thiếu những cảnh tình cảm ngọt ngào mà Luke và Sophia dành cho nhau. Những lá thư tay, bữa ăn hay trên những lần cưỡi ngựa trên thảo nguyên mênh mông. Đặc biệt là nụ hôn Luke và Sophia khi cả hai tình tứ bên nhau dưới nước. Với 139 phút, phim có quá nhiều cảnh đẹp và hấp dẫn khán giả.\r\n\r\nThe Age of Adaline\r\n\r\nĐược xây dựng với một nội dung mạch lạc kèm theo những chi tiết thú vị The Age of Adaline đã gây được khá nhiều ấn tượng khi bộ phim ra mắt. Câu chuyện xoay quanh Adaline, một người phụ nữ sở hữu vẻ đẹp không tuổi do dính phải “lời nguyền” lạ kỳ của tạo hóa. Tuy nhiên bên cạnh đó Adaline cũng gặp phải vô vàn những rắc rối khi sở hữu khả năng này. Để tránh sự chú ý của mọi người cô gái luôn phải thay đổi danh tính, chuyển nhà liên tục để che dấu thân phận thật. Đến một ngày cô gặp Ellis – người sẽ làm thay đổi cuộc đời cô.\r\nCảnh phim ngọt ngào nhất chính cuộc trò chuyện giữa Adaline và Ellis sau bữa tối, trong căn hộ nhìn ra phòng tập khiêu vũ, là một trường đoạn khiến ta muốn xem đi xem lại. Cái cách họ tán tỉnh nhau cũng thật đáng yêu biết nhường nào. Mặc dù có mang chút hơi hướng của The Notebook hay About Time nhưng The Age of Adaline vẫn mang cho mình một sự độc đáo, chỉn chu trong cách thể hiện khiến say đắm lòng người.\r\n\r\nCinderella\r\n\r\nWalt Disney đã quyết định đưa tác phẩm huyền thoại này lên màn ảnh rộng. Một ý tưởng tuyệt vời cho những khán giả yêu thích bộ phim hoạt hình nổi tiếng Lọ Lem. Nội dung không có sự thay đổi nhiều so với nguyên tác hoạt hình trước đó, trừ phần kết được chỉnh lại đôi chút nhằm phù hợp với thực tế và giúp câu chuyện có ý nghĩa hơn.\r\n\r\nPhần hình ảnh của phim được làm đẹp mắt với bối cảnh tại những vùng quê của nước Anh. Lâu đài và vương quốc trong phim có màu sắc rực rỡ, mang đậm nét cổ tích. Trang phục đặc biệt nhất của Lọ Lem chính là chiếc váy xanh đi dạ hội mà bà tiên dành tặng cùng đôi giày thủy tinh lấp lánh. Bên cạnh đó, những trang phục mà mẹ kế do Cate Blanchett thủ vai cũng đẹp và sang trọng không kém, thậm chí còn hiện đại và bắt mắt hơn cả trang phục của Lọ Lem. Giây phút khiến khán giả cảm thấy vỡ òa trong cảm xúc và trầm trồ chính là những thước đoạn khi Lọ Lem bước vào lâu đài. \r\nBối cảnh phim được khen ngợi vì sự tươi đẹp, nhiều màu sắc. Những chi tiết này đã góp phần tạo nên cảnh phim ngọt ngào, lãng mạn nhất năm 2015 khi Lọ Lem gặp hoàng tử, họ khiêu vũ trao nhau những cái nhìn âu yếm dưới ánh đèn lâu đài hoa lệ. Phim cũng đặc biệt đề cao tính nhân văn và giá trị của những câu chuyện cổ tích bởi đôi khi trong cuộc sống thực, con người vẫn cần phải có niềm tin vào những phép màu.\r\n\r\nFar from the Madding Crowd\r\n\r\nTrong một năm thắng lợi của dòng phim chuyển thể, Far from the Madding Crowd là một trong những tác phẩm đáng chú ý. Nội dung của phiên bản Far from the Madding Crowd mới vẫn giữ nguyên tinh thần của tác phẩm gốc, kể về cuộc đời của Bathsheba Everdene với ba người đàn ông cùng lúc đem lòng yêu cô. Kịch bản có lược bỏ một số tình tiết để câu chuyện trở nên ngắn gọn và súc tích hơn.\r\n\r\nĐiểm đáng khen nhất của Far from the Madding Crowd phiên bản mới là đã khắc họa nhân vật Bathsheba Everdene rõ nét hơn. Ở đầu phim, cô tự giới thiệu mình là một người độc lập. Xuyên suốt bộ phim, Carey Mulligan đã thể hiện trọn vẹn tính cách độc lập đó. Everdene dưới ống kính của Vinterberg là cô gái thông mình, tài giỏi, biết đua ngựa, bắn chim.\r\nTình yêu của Bathsheba Everdene với những người đàn ông xung quanh cô luôn là điểm đáng chú ý. Những cảnh tình cảm luôn được chăm chút rất cẩn thận, toát lên vẻ đẹp riêng, khác lạ. Bathsheba Everdene với Gabriel Oak là cặp đôi mà khán giả yêu thích nhất. Những giây phút nắm tay đi về phía hoàng hôn đang dần tắt nắng, nụ hôn ngọt ngào trao trên vùng thảo nguyên mênh mông với tiếng vó ngựa vang xa. Tất cả tạo nên một câu chuyện tình yêu ngoài sức tưởng tượng. Dù còn nhiều điểm thiếu hụt nhưng đây vẫn là một bộ phim đáng xem.', NULL, '2015-12-08 06:56:00', NULL, NULL, NULL, NULL, 'cute', 'nthuong');

-- --------------------------------------------------------

--
-- Table structure for table `ct_theloaibaiviet`
--

CREATE TABLE IF NOT EXISTS `ct_theloaibaiviet` (
  `MaBaiViet` varchar(5) COLLATE utf8_vietnamese_ci NOT NULL,
  `MaTheLoai` varchar(2) COLLATE utf8_vietnamese_ci NOT NULL,
  KEY `FK_CTTLBV_TheLoai` (`MaTheLoai`),
  KEY `FK_CTTLBV_BaiViet` (`MaBaiViet`)
) ENGINE=InnoDB DEFAULT CHARSET=utf8 COLLATE=utf8_vietnamese_ci;

--
-- Dumping data for table `ct_theloaibaiviet`
--

INSERT INTO `ct_theloaibaiviet` (`MaBaiViet`, `MaTheLoai`) VALUES
('1', '1'),
('2', '1'),
('3', '2'),
('4', '2'),
('5', '1'),
('6', '2');

-- --------------------------------------------------------

--
-- Table structure for table `nhanvien`
--

CREATE TABLE IF NOT EXISTS `nhanvien` (
  `TenDN` varchar(30) COLLATE utf8_vietnamese_ci NOT NULL,
  `CMND` varchar(10) COLLATE utf8_vietnamese_ci NOT NULL,
  `DiaChi` varchar(50) CHARACTER SET utf8 DEFAULT NULL,
  `Loai` int(11) NOT NULL,
  PRIMARY KEY (`TenDN`)
) ENGINE=InnoDB DEFAULT CHARSET=utf8 COLLATE=utf8_vietnamese_ci;

-- --------------------------------------------------------

--
-- Table structure for table `phanhoi`
--

CREATE TABLE IF NOT EXISTS `phanhoi` (
  `MaPhanHoi` varchar(10) COLLATE utf8_vietnamese_ci NOT NULL,
  `NoiDungPhanHoi` text COLLATE utf8_vietnamese_ci NOT NULL,
  `NgayPhanHoi` datetime NOT NULL,
  `TaiKhoanPhanHoi` varchar(30) COLLATE utf8_vietnamese_ci NOT NULL,
  `BaiVietPhanHoi` varchar(5) COLLATE utf8_vietnamese_ci NOT NULL,
  `SoLike` int(11) DEFAULT NULL,
  `SoUnlike` int(11) DEFAULT NULL,
  PRIMARY KEY (`MaPhanHoi`),
  KEY `FK_PhanHoi_TaiKhoan` (`TaiKhoanPhanHoi`),
  KEY `FK_PhanHoi_BaiViet` (`BaiVietPhanHoi`)
) ENGINE=InnoDB DEFAULT CHARSET=utf8 COLLATE=utf8_vietnamese_ci;

-- --------------------------------------------------------

--
-- Table structure for table `taikhoan`
--

CREATE TABLE IF NOT EXISTS `taikhoan` (
  `TenDN` varchar(30) COLLATE utf8_vietnamese_ci NOT NULL,
  `MatKhau` varchar(20) COLLATE utf8_vietnamese_ci NOT NULL,
  `Email` varchar(30) COLLATE utf8_vietnamese_ci NOT NULL,
  `HoTen` text CHARACTER SET utf8,
  `GioiTinh` text CHARACTER SET utf8,
  `HinhAnhDaiDien` varchar(100) COLLATE utf8_vietnamese_ci DEFAULT NULL,
  `MoTaBanThan` text CHARACTER SET utf8,
  PRIMARY KEY (`TenDN`)
) ENGINE=InnoDB DEFAULT CHARSET=utf8 COLLATE=utf8_vietnamese_ci;

--
-- Dumping data for table `taikhoan`
--

INSERT INTO `taikhoan` (`TenDN`, `MatKhau`, `Email`, `HoTen`, `GioiTinh`, `HinhAnhDaiDien`, `MoTaBanThan`) VALUES
('lqtuan', '123456', 'lqtuan@gmail.com', 'Lê Quang Tuan', 'Nam', NULL, NULL),
('ndtrung', '123456', 'ndtrunga195@gmail.com', 'Nguyễn Đức Trung', 'Nam', NULL, NULL),
('nthuong', '123456', 'nthuong@gmail.com', 'Nguyễn Thị Hương', 'Nữ', NULL, NULL),
('nvtiep', '123456', 'nvtiep@gmail.com', 'Nguyễn Vinh Tiệp', NULL, NULL, NULL),
('thanhluandang', '123456', 'dtluan@gmail.com', 'Đặng Thành Luân', NULL, NULL, NULL);

-- --------------------------------------------------------

--
-- Table structure for table `thanhvien`
--

CREATE TABLE IF NOT EXISTS `thanhvien` (
  `TenDN` varchar(30) COLLATE utf8_vietnamese_ci NOT NULL,
  `Credit` text CHARACTER SET utf8,
  PRIMARY KEY (`TenDN`)
) ENGINE=InnoDB DEFAULT CHARSET=utf8 COLLATE=utf8_vietnamese_ci;

-- --------------------------------------------------------

--
-- Table structure for table `theloai`
--

CREATE TABLE IF NOT EXISTS `theloai` (
  `MaTheLoai` varchar(2) COLLATE utf8_vietnamese_ci NOT NULL,
  `TenTheLoai` tinytext COLLATE utf8_vietnamese_ci NOT NULL,
  PRIMARY KEY (`MaTheLoai`)
) ENGINE=InnoDB DEFAULT CHARSET=utf8 COLLATE=utf8_vietnamese_ci;

--
-- Dumping data for table `theloai`
--

INSERT INTO `theloai` (`MaTheLoai`, `TenTheLoai`) VALUES
('1', 'Tin tức'),
('2', 'Giải trí');

-- --------------------------------------------------------

--
-- Table structure for table `tintuc`
--

CREATE TABLE IF NOT EXISTS `tintuc` (
  `MaTinTuc` int(11) NOT NULL,
  `TieuDe` text COLLATE utf8_vietnamese_ci,
  `TomTat` text COLLATE utf8_vietnamese_ci,
  `NoiDungChinh` text COLLATE utf8_vietnamese_ci,
  `TacGia` tinytext COLLATE utf8_vietnamese_ci,
  `NgayDang` datetime DEFAULT NULL,
  `DuongLinkGoc` varchar(100) COLLATE utf8_vietnamese_ci NOT NULL DEFAULT '',
  `TinhTrangLink` varchar(20) COLLATE utf8_vietnamese_ci DEFAULT NULL,
  `CacTrangDanNguon` varchar(300) COLLATE utf8_vietnamese_ci DEFAULT NULL,
  `SoLuotShare` int(11) DEFAULT NULL,
  `SoLuotComment` int(11) DEFAULT NULL,
  `BaiTuongTu` text CHARACTER SET utf8 COLLATE utf8_unicode_ci,
  `TheLoai` text CHARACTER SET utf8mb4 COLLATE utf8mb4_vietnamese_ci,
  `Tag` text CHARACTER SET utf8mb4 COLLATE utf8mb4_vietnamese_ci,
  `SoBaiTrung` int(11) NOT NULL,
  `BaiGoc` int(11) NOT NULL,
  `DaDuyet` int(11) NOT NULL,
  PRIMARY KEY (`DuongLinkGoc`)
) ENGINE=InnoDB DEFAULT CHARSET=utf8 COLLATE=utf8_vietnamese_ci;

--
-- Dumping data for table `tintuc`
--

INSERT INTO `tintuc` (`MaTinTuc`, `TieuDe`, `TomTat`, `NoiDungChinh`, `TacGia`, `NgayDang`, `DuongLinkGoc`, `TinhTrangLink`, `CacTrangDanNguon`, `SoLuotShare`, `SoLuotComment`, `BaiTuongTu`, `TheLoai`, `Tag`, `SoBaiTrung`, `BaiGoc`, `DaDuyet`) VALUES
(1, '10 giọt máu "nhuộm đỏ" lá đơn kêu cứu của cậu bé tật nguyền.', NULL, 'Nằm co quắp trên giường, thân hình em run lên những cơn đau vì bệnh tật, lâu lâu những giọt nước mắt lại lăn dài trên đôi gò má. Mấy đầu ngón tay tê buốt vì lưỡi dao lam cứa vào không đau bằng những nỗi đau tinh thần mà em đang chịu đựng. Tiếp chúng tôi trên chiếc giường cũ kỹ đã gần như mục nát em nghẹn ngào khi nhắc tới quá khứ của mình.\r\n\r\nHà sinh ra trong một gia đình không mấy hạnh phúc, ngay từ nhỏ đã chứng kiến cảnh cơm chẳng lành canh chẳng ngọt của người cha. Cứ 3 ngày một trận nhẹ, 5 ngày một trận nặng, cha lại đánh mắng nhau khiến 3 chị em Hà rất đau lòng.\r\nĐơn xin được hỗ trợ điều tra do Hà viết.\r\nĐơn kêu cứu của Hà viết gửi cho cơ quan chức năng được chấm bằng những giọt máu.\r\nNhững cuộc tranh cãi dường như kéo dài thêm khi mẹ em phát hiện ra bố ngoại tình. “Đã có người khác bố còn hay đánh đập mẹ, thậm chí còn đuổi mẹ con em ra khỏi nhà”, Hà nói.\r\nThế rồi “con giun xéo mãi cũng quằn”, không chịu nổi cảnh chồng mình bên người khác mặc cho Hà đau, bệnh, mẹ em quyết định trả lại tự do cho ông. Ngày quyết định ly hôn, mẹ ôm 3 chị em Hà vào lòng mà khóc.\r\nCậu bé khuyết tật tâm sự về việc cắt 5 ngón tay đi đòi công lý cho mẹ.\r\n\r\nThương mẹ, nhiều đêm Hà trằn trọc không ngủ được. Chia sẻ với chúng tôi, Hà nghẹn lại, miệng không thốt nổi thành lời: “Bố bỏ mẹ theo người đàn bà khác đã đành, đường này khi ly hôn bố còn đòi chia tài sản, mà chia còn không công bằng. Mẹ một nách ôm 3 chị em lại chẳng có nổi một căn nhà tử tế. Em lại mang trong mình bệnh tật triền miên làm khổ mẹ hơn nữa”.\r\n\r\nNhắc tới người mẹ thứ hai của mình, tim Hà như thắt lại. Từng mũi dao như cứa thẳng vào đó. Em khóc, từng tiếng nấc cứ thế tuôn ra, nói đoạn Hà ôm lấy ngực mình. Bản lĩnh của một người đàn ông không cho phép em mềm yếu.\r\nĐơn xác nhận nuôi con sau ly hôn.\r\n\r\nHà bị tật nguyền từ nhỏ dù không làm được gì nhưng đã dũng cảm dùng dao lam rạch 5 đầu ngón tay lấy máu chấm vào lá đơn để kêu cứu cho mẹ.\r\n\r\nNghĩ tới mẹ, Hà lau vội dòng nước mắt kể về quá khứ bên cạnh cuộc sống của bố với mẹ hai.\r\n\r\n“Tình cảm lại chia thêm cho người vợ mới của mình khiến bố chẳng đoái hoài gì đến mẹ con em. Lúc mẹ đi làm, em thường chịu những trận đòn roi của mẹ kế. Ấy thế mà bố lại không màng tới, còn ra sức bênh vực vợ mới, nhiều lần đuổi em đi. Có lần nghe lời mẹ hai bố còn dùng gậy cạy nắp cống đòi chôn em xuống đó”, Hà đau buồn chia sẻ.\r\n\r\nDị tật bẩm sinh, bệnh xương thủy tinh bám lấy thân thể em ngay từ khi mới lọt lòng đã khiến một chàng trai 25 tuổi nhưng chỉ bé như đứa trẻ lên 7, lên 8. Tay chân co quắp lại, đến cái trở mình em cũng còn cảm thấy khó khăn. Mọi sinh hoạt đời thường của Hà đều một tay mẹ em lo liệu.\r\n\r\nMẹ con chị Lâm tâm sự cùng PV.\r\n\r\nVất vả chăm lo cho con khiến gia đình em càng thêm kiệt quệ. Mẹ con chị Lâm (Nguyễn Thị Lâm - mẹ Hà) phải sống trong căn nhà hết sức tuềnh toàng, chỉ một cơn gió mạnh cũng có thể đổ sập xuống bất cứ lúc nào. Cả ngôi nhà cũ kỹ dột nát ấy chẳng có nổi một vật dụng gì đáng giá, ngoài chiếc giường cũ kỹ và cái bàn uống nước tiếp khác cũng như răng sắp rụng.\r\n\r\n“Trong khi gia đình em đang trong tình trạng nghèo đói, không có nổi căn nhà đàng hoàng để ở thì cuộc sống của bố em lại vô cùng sung sướng. Ông có cả một cơ ngơi nhiều người mong ước. Ông đã cướp đi của mẹ con em nhiều thứ, em muốn đòi lại công bằng cho mẹ”, Hà đau buồn kể lại.\r\n\r\nHà bên những tập lá đơn gửi cơ quan chức năng và báo chí.\r\n\r\nGần 20 năm qua, chứng kiến những vất vả trên con đường đi tìm công lý của mẹ, khiến lòng Hà như trĩu lại. Hà thương mẹ lặn lội hết chỗ này qua nơi khác, vác hàng trăm lá đơn đi khiếu nại, gõ cửa cơ quan chức năng để tìm công lý. Thế nhưng mẹ con chị Lâm chưa nhận được gì ngoài lời chỉ trích thậm tệ của bố và nụ cười cay nghiệt do “đồng minh” của bố ban tặng.\r\n\r\nNhững quyền lợi mẹ con chị Lâm đáng được hưởng, những tài sản do chính mồ hôi công sức của mẹ làm nên đều bị cướp mất. Những bước chân trên con đường đi tìm công lý của mẹ em ngày một nhiều, từng ngày gõ cửa các cơ quan chức năng như dày thêm. Vậy mà đáp lại công sức đó vẫn chỉ là sự im lặng. Mọi thứ vẫn không được làm rõ, sự thiệt thòi vẫn phải gánh lên đôi vai gầy của mẹ Hà với ba người con đáng ra phải được sống trong hạnh phúc, sung sướng.\r\n\r\nKhông cam chịu sự thiệt thòi không đáng đó, Hà quằn quại trong đau đớn. Những buổi tối mấy mẹ con ôm nhau khóc, là con trai Hà chỉ biết dằn lòng mình lại, cố động viên mẹ cùng chị và em. Hà nói: “Ông trời không lấy không của ai cái chi mô mẹ ạ. Mẹ cứ kiên trì đòi lại và con nghĩ công bằng sẽ được thực thi…”.\r\n\r\nChị Lâm làm việc với PV Dân trí.\r\n\r\nChị Lâm trước căn nhà tồi tàn của mình.\r\n\r\nBản thân tật nguyền không thể cùng mẹ bước từng bước trên con đường đội đơn cầu cứu, nhưng Hà lại có quyết định hết sức táo bạo khi dùng lưỡi dao lam tự rạch trên những đầu ngón tay (rạch 5 đầu ngón tay) của mình lấy máu đượm trên những lá đơn gửi đến cho từng cơ quan chức năng.\r\n\r\nNhững giọt máu đổ xuống từng trang giấy mang theo cả mong muốn tìm lại những gì em đáng được hưởng, tìm chân lý, công bằng cho mẹ và gia đình. Những giọt máu Hà cắt khi thân hình yếu ớt của em cũng đang rung lên trong đau đớn về thể xác, nhưng Hà cố mỉm cười để xua tan những uất nghẹn trong lòng.\r\nHà ưu tư buồn rầu cùng mẹ gửi đơn cầu cứu khắp nơi.\r\n\r\nÁnh mắt Hà chùng xuống, đôi gò má đầy những giọt nước mắt, miệng lắp bắp chỉ vài ba câu hỏi ngắn gọn như cứa vào lòng tôi cảm thấy xót xa hơn bao giờ.\r\n\r\n“Những giọt máu của một đứa què quặt như em sẽ không rơi xuống vô ích phải không anh?”, Hà hỏi tôi khi nói về việc vừa qua em đã dùng dao lam cắt 5 đầu ngón tay kèm theo 10 lá đơn gửi ra Trung ương để đi tìm công lý cho mẹ và gia đình.\r\n\r\nDân trí sẽ tiếp tục thông tin vụ việc.\r\n\r\nNguyễn Duy\r\n\r\nTags: Đơn thư, tìm công lý, khối 1, thị trấn Quỳ Hợp, Nghệ An, 10 giọt máu.', NULL, NULL, '.http://dantri.com.vn/ban-doc/10-giot-mau-nhuom-do-la-don-keu-cuu-cua-cau-be-tat-nguyen-201512052050', NULL, NULL, NULL, NULL, '', 'tin tuc', 'Xem thêm :Đơn thư,  tìm công lý,  khối 1,  thị trấn Quỳ Hợp,  Nghệ An,  10 giọt máu., Trần Văn Hà, dị tật bẩm sinh, gửi cho chủ tịch Hội nhà báo, Chủ tịch Quốc hội, kêu cứu, thị trấn Quỳ Hợp, Nghệ An, khối 1, tìm công lý, Đơn thư.', 0, 1, 1),
(2, 'Chính quyền “bó tay” trước hành vi “chí phèo”: Cán bộ xã “vẽ đường cho dân chạy”?.', NULL, 'Trước thực trạng bức xúc trên, PV Dân trí đã tìm mọi cách liên hệ với lãnh đạo các cơ quan chức năng của xã Viên Bình và của huyện Trần Đề để mong có sự can thiệp cho nông dân Đỗ Văn Trung được cứu lúa nhưng đã 1 tuần trôi qua, cơ quan chức năng ở địa phương vẫn chưa thể cứu nông dân Đỗ Văn Trung.\r\n\r\nNgày 3/12, PV điện thoại cho ông Nguyễn Văn Tánh (Chủ tịch UBND xã Viên Bình) và ông Dương Thanh Hùng (Phó Chủ tịch UBND xã) nhưng điện thoại của hai vị đổ chuông nhưng không ai nghe máy. PV liên hệ tiếp ông Lê Thành Trung (Chủ tịch UBND huyện Trần Đề) thì không liên lạc được. Liên lạc với Bí thư Huyện ủy Ngô Hùng thì máy đỗ chuông nhưng ông này cũng không nghe.\r\n\r\nBà Lê Thị Thu Hằng (vợ ông Trung) cho biết: “Sáng ngày 3/12, thấy lúa chết quá nhiều, tôi ra UBND xã gặp ông Tánh để trình bày xin cứu giúp chúng tôi thì ông Chủ tịch xã nói gia đình rút đơn khởi kiện bà Hồng (liên quan vụ bà Hồng hủy hoại tài sản của ông Trung đang bị Công an huyện Trần Đề điều tra- PV) thì bà Hồng sẽ xem xét cho đặt ống nước qua mương nhà bà ta. Tuy nhiên, tôi không đồng ý với ý kiến của ông Chủ tịch xã bởi cái nào ra cái đó”.\r\n\r\nVợ chồng ông Trung thẩn thờ nhìn lúa chết mà không biết kêu ai.\r\n\r\nNhư Dân trí đã phản ánh, ông Đỗ Văn Trung (ngụ tại ấp Lao Vên, xã Viên Bình, huyện Trần Đề, tỉnh Sóc Trăng) có diện tích đất ruộng 25.000m2 tọa lạc tại ấp Lao Vên.\r\n\r\nTháng 9/2012, thửa đất 20.000m2 bị ông Võ Xuân Lộc và vợ là bà Trịnh Thị Cẩm Hồng (ngụ cùng địa phương) ngang nhiên chiếm dụng khoảng 13.000m2; bà Lý Thị Duông (ngụ cùng địa phương) cũng chiếm 7.000m2.\r\n\r\nÔng Trung khởi kiện đến Tòa án và được tòa sơ thẩm cũng như phúc thẩm tuyên buộc ông Võ Xuân Lộc và bà Trịnh Thị Cẩm Hồng trả cho ông Trung trên 13.000m2; buộc bà Lý Thị Duông trả cho ông Trung 7.000m2. Đồng thời tòa cũng buộc vợ chồng ông Lộc phải chịu trách nhiệm bồi thường thiệt hại cho ông Trung số tiền 43.987.000 đồng; bà Lý Thị Duông phải bồi thường 23.625.000 đồng.\r\n\r\nSau khi được cơ quan thi hành án dân sự huyện Trần Đề cưỡng chế buộc những người chiếm đất phải giao đất cho mình, ngày 1/112015, ông Trung sạ lúa thì bị phía bà Hồng đưa máy trục ra trục khiến cho 13.000m2 đã xuống giống bị hư hoàn toàn, thiệt hại khoảng gần 10 triệu đồng.\r\n\r\nÔng Trung khiếu nại vụ việc trên và Công an huyện Trần Đề đang điều tra làm rõ để xử lý hành vi “Hủy hoại tài sản” đối với bà Hồng. Có thể do sợ bị khởi tố về tội “Hủy hoại tài sản” nên phía bà Hồng gây sức ép với ông Trung, yêu cầu phía ông Trung rút đơn yêu cầu khởi tố thì mới cho bơm nước qua mương nhà bà ta.\r\n\r\nNhiều người dân cho rằng, chính quyền xã Viên Bình đáng lẽ phải phân tích cho bà Hồng thấy cái sai của mình để bà hành xử đúng quy định của pháp luật thì lại đi làm ngược. Hóa ra, việc kêu gia đình ông Trung rút đơn đề nghị khởi tố bà Hồng của vị Chủ tịch UBND xã Viên Bình chẳng khác nào “vẽ đường giúp tội phạm chạy”.\r\n\r\nSau đó, ông Trung xuống giống lần thứ 2 thì bà Hồng liền bỏ tiền ra mua đứt mương nước (rộng khoảng 1m, tính luôn bờ là khoảng 2m- PV) của một người dân chạy sát ruộng ông Trung để không cho ông Trung lấy nước vào ruộng.\r\n\r\nVụ việc kéo dài từ đó đến nay đã hơn 1 tháng nhưng chính quyền địa phương từ xã đến huyện đều “bó tay” với lý do “Mương nước là chủ quyền của bà Hồng, bà cho hay không là quyền của bà ta. Luật không có quy định xử lý việc xin bơm nước vào ruộng nên chính quyền không thể can thiệp được”.\r\n\r\nKhi PV viện dẫn điều 278 Bộ Luật dân sự năm 2005 với nội dung: “Điều 278. Người có quyền sử dụng đất canh tác khi có nhu cầu về tưới nước, tiêu nước, có quyền yêu cầu những người sử dụng đất xung quanh để cho mình một lối dẫn nước thích hợp, thuận tiện cho việc tưới, tiêu; người được yêu cầu có nghĩa vụ đáp ứng yêu cầu đó; nếu người sử dụng lối dẫn nước gây thiệt hại cho người sử dụng đất xung quanh thì phải bồi thường” thì vị Chủ tịch xã lại phân trần: “Sẽ cho cán bộ kiểm tra ngay để vận dụng”. Nhưng, cuối cùng đây cũng chỉ là lời…hứa suông của lãnh đạo địa phương.\r\n\r\nDư luận người dân ở xã Viên Bình đặt vấn đề: Luật đã có, tại sao xã Viên Bình và huyện Trần Đề lại không giải quyết. Liệu có gì khuất tất, sợ “mắc quai” ở đây hay không?.\r\n\r\nDân trí sẽ tiếp tục thông tin sự việc này.\r\n\r\nBạch Dương', NULL, NULL, '.http://dantri.com.vn/ban-doc/chinh-quyen-bo-tay-truoc-hanh-vi-chi-pheo-can-bo-xa-ve-duong-cho-dan-c', NULL, NULL, NULL, NULL, '', '.tin tuc.', '.Xem thêm :thi hành án dân sự, Chủ tịch UBND xã, huyện Trần Đề, cán bộ xã, tỉnh Sóc Trăng, diện tích đất.', 0, 1, 1),
(3, 'Đề nghị làm rõ kêu oan trong vụ chiếm đoạt tài sản tại Hưng Yên.', NULL, 'Báo Dân trí nhận được đơn kêu cứu của bà Nguyễn Thị Toan (SN 1955), trú tại thôn Hạ, xã An Vỹ, huyện Khoái Châu, tỉnh Hưng Yên là mẹ của bị cáo Đỗ Văn Chung.\r\n\r\nTheo kêu cứu của bà Toan: “Năm 2013, con trai tôi là Đỗ Văn Chung có vay một khoản tiền của chị Bùi Thị Trang (thôn 1, Đại Hưng, Khoái Châu, Hưng Yên). Đây hoàn toàn là quan hệ dân sự cho vay tiền; nhưng các cơ quan tiến hành tố tụng tại tỉnh Hưng Yên lại có dấu hiệu hình sự hóa các mối quan hệ dân sự khi khởi tố, điều tra con trai tôi theo tội danh tại Điều 139 Bộ luật hình sự trong vụ án: “Lừa đảo chiếm đoạt tài sản” trên cơ sở điều tra Đơn tố cáo của chị Trang”.\r\n\r\nSau phiên xét xử công khai ngày 20/3/2015, TAND tỉnh Hưng Yên tiếp tục quyết định trả hồ sơ điều tra bổ sung để làm rõ những chứng cứ quan trọng trong vụ án. (Ảnh: Báo Thanh tra)\r\n\r\nTheo bà Toan, việc vay mượn số tiền này là dưới hình thức vay nặng lãi và gia đình bà cũng đã có trao đổi với chị Bùi Thị Trang để trả số nợ.\r\n\r\nTheo Cáo trạng của VKSND tỉnh Hưng Yên, để có tiền tiêu xài cá nhân và đánh bạc dưới hình thức cá độ bóng đá qua mạng internet, trong khoảng thời gian từ 27/2/2013 đến ngày 7/10/2013, Đỗ Văn Chung nhiều lần đã dùng thủ đoạn gian dối để vay tiền chị Bùi Thị Trang với số tiền gần 2,4 tỷ đồng với lãi suất 1,5%/tháng. Đến thời hạn thanh toán không thấy Chung trả tiền, chị Trang nhiều lần đòi tiền thì Chung trốn tránh và tiếp tục gian dối khất nợ nhằm chiếm đoạt tài sản đã vay. Chị Trang đã làm đơn ra CQĐT tố cáo Chung. Vì vậy, VKSND tỉnh Hưng Yên đã truy tố Đỗ Văn Chung về  “Tội lừa đảo chiếm đoạt tài sản”, quy định tại điểm a, khoản 4, Điều 139 Bộ luật Hình sự.\r\n\r\nTuy nhiên, trong đơn kêu cứu của gia đình bị can Đỗ Văn Chung gửi đến các cơ quan chức năng cho rằng, Trang đã cho vay nặng lãi ở địa phương và Chung đã vay tiền của Trang để tiêu xài. Tổng số tiền Chung vay là 1,2 tỷ đồng và số nợ hiện nay lên đến gần 2,4 tỷ đồng mà Trang tố cáo với cơ quan điều tra là đã cộng cả phần lãi vay. Điều đáng nói là trong suốt quá trình điều tra, Đỗ Văn Chung được triệu tập lên cơ quan điều tra đều nhận sẽ trả nợ cho chị Trang số tiền đã vay chứ không có ý định chiếm đoạt. Bà Nguyễn Thị Toan, mẹ đẻ Chung cho biết, chính bản thân bà đã cam kết trước Trang và cơ quan điều tra sẽ trả nợ số tiền trên cho Chung nhưng vẫn không được chấp nhận.\r\n\r\nVKSND tỉnh Hưng Yên chuyển nội dung vụ án đến TAND tỉnh Hưng Yên.\r\n\r\nVụ án đã được mở phiên tòa xét xử sơ thẩm công khai ngày 28/11/2014 và 20/3/2015 theo quy định của pháp luật. Theo đó, TAND tỉnh Hưng Yên đã nhiều lần ban hành Quyết định trả hồ sơ điều tra bổ sung để làm rõ những chứng cứ quan trọng trong vụ án nhằm xét xử khách quan, toàn diện và có căn cứ hợp pháp, không làm oan sai người vô tội.\r\n\r\nLiên quan đến vụ án, luật sư Trần Hồng Phúc (Công ty Luật TNHH và Thực hành luật Nguyễn Chiến) phân tích: “Trang đi vay tiền để cho vay lại, đây là kinh doanh tiền. Trang vì muốn lấy tiền đã cho vay cũ nên tiếp tục cho Chung vay tiền, như vậy là ý thức chủ quan của Trang, Chung đâu có lừa. Số tiền vay mỗi đợt đều có hạn trả, đến hạn không trả Trang vẫn tiếp tục cho vay, chứng tỏ Trang không quan tâm đến mục đích và khả năng trả nợ của Chung. Nếu Trang quan tâm thì không thể có việc đến cả 40 lần nói vay là cho vay, mục đích vay không biết.\r\n\r\nBản chất của người cho vay nặng lãi không quan tâm đến con nợ sử dụng tiền vay như thế nào mà chỉ quan tâm con nợ có tài sản gì để thanh toán khi không không trả được gốc và lãi. Trang quen biết gia đình Chung và biết Chung là người được thừa tự và sau này và là con trai duy nhất, gia đình có nhiều đất và hiện đang quản lý và kinh doanh quán café, bố Chung là phó Chủ tịch xã nên có điều kiện kinh tế.\r\n\r\nKhi số tiền cho Chung vay quá lớn, Trang muốn thu hồi về nhưng Chung không có điều kiện trả, bố mẹ thì cương quyết không bán ruộng đất để trả nợ cho Chung dẫn đến Trang tìm cách nhờ cơ quan công quyền ép Chung phải trả nợ nhưng không được dẫn đến đảy Chung vào đường tù tội để bố mẹ và gia đình thương xót mà chạy tiền trả nợ cho Chung nhưng đến nay vẫn chưa đạt được mong muốn.\r\n\r\nVụ án này có dấu hiệu oan khá rõ. Nhiều dấu hiệu đây là một vụ án hình sự hoá một qua hệ dân sự”.\r\n\r\nĐược biết, ngày 12/8, TAND tỉnh Hưng Yên sẽ tiếp tục đưa vụ án ra xét xử.\r\n\r\nDân trí sẽ tiếp tục thông tin sự việc đến bạn đọc.', NULL, NULL, '.http://dantri.com.vn/ban-doc/de-nghi-lam-ro-keu-oan-trong-vu-chiem-doat-tai-san-tai-hung-yen-201508', NULL, NULL, NULL, NULL, '', '.tin tuc.', '.Xem thêm :chiếm đoạt tài sản, lừa đảo chiếm đoạt, lừa đảo chiếm đoạt tài sản, tỉnh Hưng Yên, điều tra bổ sung.', 0, 1, 1),
(4, 'Hưng Yên: Tiếp tục xét xử vụ chiếm đoạt tài sản bị kêu oan sau nhiều lần bị Toà trả hồ sơ.', NULL, 'Theo lịch xét xử của TAND tỉnh Hưng Yên, phiên toà xét xử bị cáo Đỗ Văn Chung sẽ chính thức được mử vào 7h30 ngày 8/12/2015 tại trụ sở TAND tỉnh Hưng Yên. Phiên toà được mở công khai do thẩm phán Trần Đình Hiền làm chủ toạ phiên toà. Kiểm sát viên tham gia phiên toà là ông Mai Văn Tuyên.\r\n\r\nTrước đó, sau nhiều lần trả hồ sơ yêu cầu điều tra bổ sung, vụ án Đỗ Văn Chung (SN 1982) ở thôn Hạ, xã An Vĩ, huyện Khoái Châu (Hưng Yên) bị truy tố về tội “lừa đảo chiếm đoạt tài sản” được TAND tỉnh Hưng Yên chốt lịch xét xử vào ngày 12/8.\r\n\r\nVụ án Đỗ Văn Chung bị quy kết tôi "lừa đảo chiếm đoạt tài sản" thu hút sự chú ý dặc biệt của dư luận.\r\n\r\nTuy nhiên, tại phiên toà, cả bị hại và luật sư bảo vệ quyền lợi cho bị hại đều vắng mặt. Do đó, thẩm phán Trần Đình Hiền đã phải ra quyết định hoãn phiên toà và thông báo phiên toà sẽ được mở lại vào thời gian khác khi có Quyết định đưa vụ án ra xét xử.\r\n\r\nLiên quan đến vụ việc, báo Dân trí nhận được đơn kêu cứu của bà Nguyễn Thị Toan (SN 1955), trú tại thôn Hạ, xã An Vỹ, huyện Khoái Châu, tỉnh Hưng Yên là mẹ của bị cáo Đỗ Văn Chung.\r\n\r\nTheo kêu cứu của bà Toan: “Năm 2013, con trai tôi là Đỗ Văn Chung có vay một khoản tiền của chị Bùi Thị Trang (thôn 1, Đại Hưng, Khoái Châu, Hưng Yên). Đây hoàn toàn là quan hệ dân sự cho vay tiền; nhưng các cơ quan tiến hành tố tụng tại tỉnh Hưng Yên lại có dấu hiệu hình sự hóa các mối quan hệ dân sự khi khởi tố, điều tra con trai tôi theo tội danh tại Điều 139 Bộ luật hình sự trong vụ án: “Lừa đảo chiếm đoạt tài sản” trên cơ sở điều tra Đơn tố cáo của chị Trang”.\r\n\r\nTheo bà Toan, việc vay mượn số tiền này là dưới hình thức vay nặng lãi và gia đình bà cũng đã có trao đổi với chị Bùi Thị Trang để trả số nợ.\r\n\r\nTheo Cáo trạng của VKSND tỉnh Hưng Yên, để có tiền tiêu xài cá nhân và đánh bạc dưới hình thức cá độ bóng đá qua mạng internet, trong khoảng thời gian từ 27/2/2013 đến ngày 7/10/2013, Đỗ Văn Chung nhiều lần đã dùng thủ đoạn gian dối để vay tiền chị Bùi Thị Trang với số tiền gần 2,4 tỷ đồng với lãi suất 1,5%/tháng. Đến thời hạn thanh toán không thấy Chung trả tiền, chị Trang nhiều lần đòi tiền thì Chung trốn tránh và tiếp tục gian dối khất nợ nhằm chiếm đoạt tài sản đã vay. Chị Trang đã làm đơn ra CQĐT tố cáo Chung. Vì vậy, VKSND tỉnh Hưng Yên đã truy tố Đỗ Văn Chung về  “Tội lừa đảo chiếm đoạt tài sản”, quy định tại điểm a, khoản 4, Điều 139 Bộ luật Hình sự.\r\n\r\nTAND tỉnh Hưng Yên tiếp tục chốt lịch xét xử vụ chiếm đoạt tài sản bị kêu oan sau nhiều lần trả hồ sơ.\r\n\r\nTuy nhiên, trong đơn kêu cứu của gia đình bị can Đỗ Văn Chung gửi đến các cơ quan chức năng cho rằng, Trang đã cho vay nặng lãi ở địa phương và Chung đã vay tiền của Trang để tiêu xài. Tổng số tiền Chung vay là 1,2 tỷ đồng và số nợ hiện nay lên đến gần 2,4 tỷ đồng mà Trang tố cáo với cơ quan điều tra là đã cộng cả phần lãi vay. Điều đáng nói là trong suốt quá trình điều tra, Đỗ Văn Chung được triệu tập lên cơ quan điều tra đều nhận sẽ trả nợ cho chị Trang số tiền đã vay chứ không có ý định chiếm đoạt. Bà Nguyễn Thị Toan, mẹ đẻ Chung cho biết, chính bản thân bà đã cam kết trước Trang và cơ quan điều tra sẽ trả nợ số tiền trên cho Chung nhưng vẫn không được chấp nhận.\r\n\r\nVụ án đã được mở phiên tòa xét xử sơ thẩm công khai ngày 28/11/2014 và 20/3/2015 theo quy định của pháp luật. Theo đó, TAND tỉnh Hưng Yên đã nhiều lần ban hành Quyết định trả hồ sơ điều tra bổ sung để làm rõ những chứng cứ quan trọng trong vụ án nhằm xét xử khách quan, toàn diện và có căn cứ hợp pháp, không làm oan sai người vô tội.\r\n\r\nLiên quan đến vụ án, luật sư Trần Hồng Phúc (Công ty Luật TNHH và Thực hành luật Nguyễn Chiến) phân tích: “Trang đi vay tiền để cho vay lại, đây là kinh doanh tiền. Trang vì muốn lấy tiền đã cho vay cũ nên tiếp tục cho Chung vay tiền, như vậy là ý thức chủ quan của Trang, Chung đâu có lừa. Số tiền vay mỗi đợt đều có hạn trả, đến hạn không trả Trang vẫn tiếp tục cho vay, chứng tỏ Trang không quan tâm đến mục đích và khả năng trả nợ của Chung. Nếu Trang quan tâm thì không thể có việc đến cả 40 lần nói vay là cho vay, mục đích vay không biết. Vụ án này có dấu hiệu oan khá rõ. Nhiều dấu hiệu đây là một vụ án hình sự hoá một qua hệ dân sự”.\r\n\r\nDân trí sẽ tiếp tục thông tin sự việc đến bạn đọc.', NULL, '2015-12-08 08:58:00', '.http://dantri.com.vn/ban-doc/hung-yen-tiep-tuc-xet-xu-vu-chiem-doat-tai-san-bi-keu-oan-sau-nhieu-la', NULL, NULL, NULL, NULL, '5 7 ', '.tin tuc.', '.Xem thêm :chiếm đoạt tài sản.', 2, 0, 1),
(5, 'Hưng Yên: Tiếp tục xét xử vụ chiếm đoạt tài sản bị kêu oan sau nhiều lần bị Toà trả hồ sơ.', NULL, 'Theo lịch xét xử của TAND tỉnh Hưng Yên, phiên toà xét xử bị cáo Đỗ Văn Chung sẽ chính thức được mử vào 7h30 ngày 8/12/2015 tại trụ sở TAND tỉnh Hưng Yên. Phiên toà được mở công khai do thẩm phán Trần Đình Hiền làm chủ toạ phiên toà. Kiểm sát viên tham gia phiên toà là ông Mai Văn Tuyên.\r\n\r\nTrước đó, sau nhiều lần trả hồ sơ yêu cầu điều tra bổ sung, vụ án Đỗ Văn Chung (SN 1982) ở thôn Hạ, xã An Vĩ, huyện Khoái Châu (Hưng Yên) bị truy tố về tội “lừa đảo chiếm đoạt tài sản” được TAND tỉnh Hưng Yên chốt lịch xét xử vào ngày 12/8.\r\n\r\nVụ án Đỗ Văn Chung bị quy kết tôi "lừa đảo chiếm đoạt tài sản" thu hút sự chú ý dặc biệt của dư luận.\r\n\r\nTuy nhiên, tại phiên toà, cả bị hại và luật sư bảo vệ quyền lợi cho bị hại đều vắng mặt. Do đó, thẩm phán Trần Đình Hiền đã phải ra quyết định hoãn phiên toà và thông báo phiên toà sẽ được mở lại vào thời gian khác khi có Quyết định đưa vụ án ra xét xử.\r\n\r\nLiên quan đến vụ việc, báo Dân trí nhận được đơn kêu cứu của bà Nguyễn Thị Toan (SN 1955), trú tại thôn Hạ, xã An Vỹ, huyện Khoái Châu, tỉnh Hưng Yên là mẹ của bị cáo Đỗ Văn Chung.\r\n\r\nTheo kêu cứu của bà Toan: “Năm 2013, con trai tôi là Đỗ Văn Chung có vay một khoản tiền của chị Bùi Thị Trang (thôn 1, Đại Hưng, Khoái Châu, Hưng Yên). Đây hoàn toàn là quan hệ dân sự cho vay tiền; nhưng các cơ quan tiến hành tố tụng tại tỉnh Hưng Yên lại có dấu hiệu hình sự hóa các mối quan hệ dân sự khi khởi tố, điều tra con trai tôi theo tội danh tại Điều 139 Bộ luật hình sự trong vụ án: “Lừa đảo chiếm đoạt tài sản” trên cơ sở điều tra Đơn tố cáo của chị Trang”.\r\n\r\nTheo bà Toan, việc vay mượn số tiền này là dưới hình thức vay nặng lãi và gia đình bà cũng đã có trao đổi với chị Bùi Thị Trang để trả số nợ.\r\n\r\nTheo Cáo trạng của VKSND tỉnh Hưng Yên, để có tiền tiêu xài cá nhân và đánh bạc dưới hình thức cá độ bóng đá qua mạng internet, trong khoảng thời gian từ 27/2/2013 đến ngày 7/10/2013, Đỗ Văn Chung nhiều lần đã dùng thủ đoạn gian dối để vay tiền chị Bùi Thị Trang với số tiền gần 2,4 tỷ đồng với lãi suất 1,5%/tháng. Đến thời hạn thanh toán không thấy Chung trả tiền, chị Trang nhiều lần đòi tiền thì Chung trốn tránh và tiếp tục gian dối khất nợ nhằm chiếm đoạt tài sản đã vay. Chị Trang đã làm đơn ra CQĐT tố cáo Chung. Vì vậy, VKSND tỉnh Hưng Yên đã truy tố Đỗ Văn Chung về  “Tội lừa đảo chiếm đoạt tài sản”, quy định tại điểm a, khoản 4, Điều 139 Bộ luật Hình sự.\r\n\r\nTAND tỉnh Hưng Yên tiếp tục chốt lịch xét xử vụ chiếm đoạt tài sản bị kêu oan sau nhiều lần trả hồ sơ.\r\n\r\nTuy nhiên, trong đơn kêu cứu của gia đình bị can Đỗ Văn Chung gửi đến các cơ quan chức năng cho rằng, Trang đã cho vay nặng lãi ở địa phương và Chung đã vay tiền của Trang để tiêu xài. Tổng số tiền Chung vay là 1,2 tỷ đồng và số nợ hiện nay lên đến gần 2,4 tỷ đồng mà Trang tố cáo với cơ quan điều tra là đã cộng cả phần lãi vay. Điều đáng nói là trong suốt quá trình điều tra, Đỗ Văn Chung được triệu tập lên cơ quan điều tra đều nhận sẽ trả nợ cho chị Trang số tiền đã vay chứ không có ý định chiếm đoạt. Bà Nguyễn Thị Toan, mẹ đẻ Chung cho biết, chính bản thân bà đã cam kết trước Trang và cơ quan điều tra sẽ trả nợ số tiền trên cho Chung nhưng vẫn không được chấp nhận.\r\n\r\nVụ án đã được mở phiên tòa xét xử sơ thẩm công khai ngày 28/11/2014 và 20/3/2015 theo quy định của pháp luật. Theo đó, TAND tỉnh Hưng Yên đã nhiều lần ban hành Quyết định trả hồ sơ điều tra bổ sung để làm rõ những chứng cứ quan trọng trong vụ án nhằm xét xử khách quan, toàn diện và có căn cứ hợp pháp, không làm oan sai người vô tội.\r\n\r\nLiên quan đến vụ án, luật sư Trần Hồng Phúc (Công ty Luật TNHH và Thực hành luật Nguyễn Chiến) phân tích: “Trang đi vay tiền để cho vay lại, đây là kinh doanh tiền. Trang vì muốn lấy tiền đã cho vay cũ nên tiếp tục cho Chung vay tiền, như vậy là ý thức chủ quan của Trang, Chung đâu có lừa. Số tiền vay mỗi đợt đều có hạn trả, đến hạn không trả Trang vẫn tiếp tục cho vay, chứng tỏ Trang không quan tâm đến mục đích và khả năng trả nợ của Chung. Nếu Trang quan tâm thì không thể có việc đến cả 40 lần nói vay là cho vay, mục đích vay không biết. Vụ án này có dấu hiệu oan khá rõ. Nhiều dấu hiệu đây là một vụ án hình sự hoá một qua hệ dân sự”.\r\n\r\nDân trí sẽ tiếp tục thông tin sự việc đến bạn đọc.', NULL, '2015-12-06 08:58:00', '.http://dantri.com.vn/ban-doc/vu-an-chiem-doat-tai-san-bi-keu-oan-hoan-toa-do-bi-hai-cung-luat-su-va', NULL, NULL, NULL, NULL, '4 7 ', '.tin tuc.', '.Xem thêm :chiếm đoạt tài sản.', 2, 1, 1),
(6, 'Vụ  người dân khai thác đất trái phép: Tan hoang hàng chục ha rừng.', NULL, '.\r\n    \n \n\n\nTan nát hàng chục ha rừng\n\n\n\nLiên quan đến vụ việc nhiều hộ dân tại thôn Đá Hàn, xã Gia Hòa, huyện Gia Viễn (Ninh Bình) lợi dụng việc hạ mặt bằng, cải tạo đất rừng sản xuất ồ ạt khai thác đất rừng đem bán chuộc lợi mà báo Dân trí đã phản ánh. Đến nay, UBND huyện Gia Viễn cũng như ban ngành chức năng tỉnh Ninh Bình vẫn chưa có biện pháp xử lý, khắc phục tình trạng trên.\n\nĐể làm rõ sự việc, PV Dân trí nhiều lần liên hệ với trưởng phòng Tài nguyên - Môi trường huyện Gia Viễn, tuy nhiên đến nay vẫn chưa có được câu trả lời thỏa đáng. Nhiều lần phóng viên liên hệ đặt lịch làm việc với vị trưởng phòng TNMT nhưng ông này đã viện nhiều lý do kéo dài thời gian, không cung cấp thông tin cho phóng viên.\n\nTrước những “khó khăn” về việc tiếp cận đơn vị quản lý cũng như ngành chức năng của huyện Gia Viễn, ngày 4/12 PV Dân trí đã quay trở lại khu vực thôn Đá Hàn để ghi nhận lại thực trạng việc khai thác đất rừng đem bán trái phép tại đây.\n\nTheo một số người dân cho biết, sau khi báo Dân trí có bài phản ánh, các hộ dân lợi dụng việc “hạ mặt bằng cải tạo đất” bán đất rừng trái phép đã dừng mọi hoạt động khai thác đất. Ghi nhận của PV Dân trí, việc khai thác đất của nhiều hộ dân đã tạm dừng, máy mọc được di chuyển đi nơi khác. Thực trạng dễ nhận thấy tại đây là hàng chục ha rừng bị các hộ dân lợi dụng việc “cải tạo đất hạ mặt bằng” đã bị biến đổi nghiêm trọng.\n\n\n\n\nMột công trường khai thác đá tại thôn Đá Hàn, xã Gia Hòa, huyện Gia Viễn, Ninh Bình\n\n\nNhiều ha rừng không chỉ bị đào bới tạo lên những “công trường” lô nhô đất đá mà còn bị đào sâu xuống lòng đất, có nơi sâu như những chiếc ao đọng nước nại. Có những hộ khi khai thác đất còn khoét sâu vào chân núi. Tại khu đất rừng của những hộ dân thực hiện việc “cải tạo đất” đất giống như những “mỏ” khai thác với trữ lượng lớn. Việc khai thác đất rừng đem bán trái phép diễn ra trong thời gian dài nhưng lại không có sự vào cuộc quyết liệt của chính quyền địa phương cũng như cơ quan chức năng khiến hàng chục ha rừng tại thôn Đá Hàn, xã Gia Hòa bị “tận diệt” một cách không thương tiếc.\n\nLí do hạ mặt bằng, cải tạo đất để trồng rừng sản xuất nhưng theo ghi nhận của PV Dân trí, các hộ dân được địa phương cho cải tạo đất hay những hộ dân không được phép cải tạo đất rừng đến nay vẫn chưa có hộ nào thực hiện việc trồng rừng sản xuất để trả lại màu xanh cho diện tích rừng bị phá nát này. Vì thế, nhiều năm qua hàng chục ha đất rừng tại Đá Hàn đang trở nên hoang hóa. Không những nguồn tài nguyên rừng, đất rừng bị xâm phạm mà nguồn nước, môi trường sống của các loài thực vật, động vật ở đây cũng bị biến đổi, ô nhiễm nặng do việc khai thác đất rừng ồ ạt.\n\nDưới đây là những hình ảnh PV Dân trí ghi lại cảnh tan hoang của hàng chục ha rừng tại thôn Đá Hàn, xã Gia Hòa, huyện Gia Viễn bị người dân lợi dụng việc “hạ mặt bằng cải tạo đất” ồ ạt khai thác đất rừng trái phép.\n\n\n\n\n\n\n\n\n\n\nĐiểm khai thác ngay bên con đường lớn liên xã\n\n\n\n\n\nĐất đá vương vãi khắp nơi, chắn ngang cả con đường lớn qua thôn Đá Hàn\n\n\n\n\n\n\nNhiều hộ dân khoét sâu vào tận núi\n\n\n\n\n\n\nNhững rãnh nước, hố sâu rất nguy hiểm\n\n\n\n\n\n\n\n\n\n\n\nNhững cánh rừng bị người dân triệt hạ, tận dụng khai thác đất không thương tiếc để chuộc lợi\n\n\nThái Bá\n\r\n    \r\n        \r\n            Xem thêm :rừng phòng hộ, bán đất trái phép, phá vỡ môi trường sống, sinh thái, khai thác, tài nguyên, trưởng phòng, xã Gia Hòa, Gia Viễn, Ninh Bình, hoạt động khai thác đất\r\n        \r\n    \r\n.', NULL, NULL, '.http://dantri.com.vn/ban-doc/vu-nguoi-dan-khai-thac-dat-trai-phep-tan-hoang-hang-chuc-ha-rung-20151', NULL, NULL, NULL, NULL, '', '.tin tuc.', '.Xem thêm :rừng phòng hộ, bán đất trái phép, phá vỡ môi trường sống, sinh thái, khai thác, tài nguyên, trưởng phòng, xã Gia Hòa, Gia Viễn, Ninh Bình, hoạt động khai thác đất.', 0, 1, 1),
(7, 'Hưng Yên: Tiếp tục xét xử vụ chiếm đoạt tài sản bị kêu oan sau nhiều lần bị Toà trả hồ sơ.', NULL, 'Theo lịch xét xử của TAND tỉnh Hưng Yên, phiên toà xét xử bị cáo Đỗ Văn Chung sẽ chính thức được mử vào 7h30 ngày 8/12/2015 tại trụ sở TAND tỉnh Hưng Yên. Phiên toà được mở công khai do thẩm phán Trần Đình Hiền làm chủ toạ phiên toà. Kiểm sát viên tham gia phiên toà là ông Mai Văn Tuyên.\r\n\r\nTrước đó, sau nhiều lần trả hồ sơ yêu cầu điều tra bổ sung, vụ án Đỗ Văn Chung (SN 1982) ở thôn Hạ, xã An Vĩ, huyện Khoái Châu (Hưng Yên) bị truy tố về tội “lừa đảo chiếm đoạt tài sản” được TAND tỉnh Hưng Yên chốt lịch xét xử vào ngày 12/8.\r\n\r\nVụ án Đỗ Văn Chung bị quy kết tôi "lừa đảo chiếm đoạt tài sản" thu hút sự chú ý dặc biệt của dư luận.\r\n\r\nTuy nhiên, tại phiên toà, cả bị hại và luật sư bảo vệ quyền lợi cho bị hại đều vắng mặt. Do đó, thẩm phán Trần Đình Hiền đã phải ra quyết định hoãn phiên toà và thông báo phiên toà sẽ được mở lại vào thời gian khác khi có Quyết định đưa vụ án ra xét xử.\r\n\r\nLiên quan đến vụ việc, báo Dân trí nhận được đơn kêu cứu của bà Nguyễn Thị Toan (SN 1955), trú tại thôn Hạ, xã An Vỹ, huyện Khoái Châu, tỉnh Hưng Yên là mẹ của bị cáo Đỗ Văn Chung.\r\n\r\nTheo kêu cứu của bà Toan: “Năm 2013, con trai tôi là Đỗ Văn Chung có vay một khoản tiền của chị Bùi Thị Trang (thôn 1, Đại Hưng, Khoái Châu, Hưng Yên). Đây hoàn toàn là quan hệ dân sự cho vay tiền; nhưng các cơ quan tiến hành tố tụng tại tỉnh Hưng Yên lại có dấu hiệu hình sự hóa các mối quan hệ dân sự khi khởi tố, điều tra con trai tôi theo tội danh tại Điều 139 Bộ luật hình sự trong vụ án: “Lừa đảo chiếm đoạt tài sản” trên cơ sở điều tra Đơn tố cáo của chị Trang”.\r\n\r\nTheo bà Toan, việc vay mượn số tiền này là dưới hình thức vay nặng lãi và gia đình bà cũng đã có trao đổi với chị Bùi Thị Trang để trả số nợ.\r\n\r\nTheo Cáo trạng của VKSND tỉnh Hưng Yên, để có tiền tiêu xài cá nhân và đánh bạc dưới hình thức cá độ bóng đá qua mạng internet, trong khoảng thời gian từ 27/2/2013 đến ngày 7/10/2013, Đỗ Văn Chung nhiều lần đã dùng thủ đoạn gian dối để vay tiền chị Bùi Thị Trang với số tiền gần 2,4 tỷ đồng với lãi suất 1,5%/tháng. Đến thời hạn thanh toán không thấy Chung trả tiền, chị Trang nhiều lần đòi tiền thì Chung trốn tránh và tiếp tục gian dối khất nợ nhằm chiếm đoạt tài sản đã vay. Chị Trang đã làm đơn ra CQĐT tố cáo Chung. Vì vậy, VKSND tỉnh Hưng Yên đã truy tố Đỗ Văn Chung về  “Tội lừa đảo chiếm đoạt tài sản”, quy định tại điểm a, khoản 4, Điều 139 Bộ luật Hình sự.\r\n\r\nTAND tỉnh Hưng Yên tiếp tục chốt lịch xét xử vụ chiếm đoạt tài sản bị kêu oan sau nhiều lần trả hồ sơ.\r\n\r\nTuy nhiên, trong đơn kêu cứu của gia đình bị can Đỗ Văn Chung gửi đến các cơ quan chức năng cho rằng, Trang đã cho vay nặng lãi ở địa phương và Chung đã vay tiền của Trang để tiêu xài. Tổng số tiền Chung vay là 1,2 tỷ đồng và số nợ hiện nay lên đến gần 2,4 tỷ đồng mà Trang tố cáo với cơ quan điều tra là đã cộng cả phần lãi vay. Điều đáng nói là trong suốt quá trình điều tra, Đỗ Văn Chung được triệu tập lên cơ quan điều tra đều nhận sẽ trả nợ cho chị Trang số tiền đã vay chứ không có ý định chiếm đoạt. Bà Nguyễn Thị Toan, mẹ đẻ Chung cho biết, chính bản thân bà đã cam kết trước Trang và cơ quan điều tra sẽ trả nợ số tiền trên cho Chung nhưng vẫn không được chấp nhận.\r\n\r\nVụ án đã được mở phiên tòa xét xử sơ thẩm công khai ngày 28/11/2014 và 20/3/2015 theo quy định của pháp luật. Theo đó, TAND tỉnh Hưng Yên đã nhiều lần ban hành Quyết định trả hồ sơ điều tra bổ sung để làm rõ những chứng cứ quan trọng trong vụ án nhằm xét xử khách quan, toàn diện và có căn cứ hợp pháp, không làm oan sai người vô tội.\r\n\r\nLiên quan đến vụ án, luật sư Trần Hồng Phúc (Công ty Luật TNHH và Thực hành luật Nguyễn Chiến) phân tích: “Trang đi vay tiền để cho vay lại, đây là kinh doanh tiền. Trang vì muốn lấy tiền đã cho vay cũ nên tiếp tục cho Chung vay tiền, như vậy là ý thức chủ quan của Trang, Chung đâu có lừa. Số tiền vay mỗi đợt đều có hạn trả, đến hạn không trả Trang vẫn tiếp tục cho vay, chứng tỏ Trang không quan tâm đến mục đích và khả năng trả nợ của Chung. Nếu Trang quan tâm thì không thể có việc đến cả 40 lần nói vay là cho vay, mục đích vay không biết. Vụ án này có dấu hiệu oan khá rõ. Nhiều dấu hiệu đây là một vụ án hình sự hoá một qua hệ dân sự”.\r\n\r\nDân trí sẽ tiếp tục thông tin sự việc đến bạn đọc.', NULL, '2015-12-09 08:58:00', '.http://dantri.com.vn/blog/tham-quan-thoi-tham-nhung-20151203031903904.htm.', NULL, NULL, NULL, NULL, '4 5 ', '.tin tuc.', '.Xem thêm :chiếm đoạt tài sản.', 2, 0, 1);

--
-- Constraints for dumped tables
--

--
-- Constraints for table `baiviet`
--
ALTER TABLE `baiviet`
  ADD CONSTRAINT `FK_BaiViet_TaiKhoan` FOREIGN KEY (`TaiKhoanTacGia`) REFERENCES `taikhoan` (`TenDN`);

--
-- Constraints for table `ct_theloaibaiviet`
--
ALTER TABLE `ct_theloaibaiviet`
  ADD CONSTRAINT `FK_CTTLBV_BaiViet` FOREIGN KEY (`MaBaiViet`) REFERENCES `baiviet` (`MaBaiViet`),
  ADD CONSTRAINT `FK_CTTLBV_TheLoai` FOREIGN KEY (`MaTheLoai`) REFERENCES `theloai` (`MaTheLoai`);

--
-- Constraints for table `nhanvien`
--
ALTER TABLE `nhanvien`
  ADD CONSTRAINT `FK_NHANVIEN_TAIKHOAN` FOREIGN KEY (`TenDN`) REFERENCES `taikhoan` (`TenDN`);

--
-- Constraints for table `phanhoi`
--
ALTER TABLE `phanhoi`
  ADD CONSTRAINT `FK_PhanHoi_BaiViet` FOREIGN KEY (`BaiVietPhanHoi`) REFERENCES `baiviet` (`MaBaiViet`),
  ADD CONSTRAINT `FK_PhanHoi_TaiKhoan` FOREIGN KEY (`TaiKhoanPhanHoi`) REFERENCES `taikhoan` (`TenDN`);

--
-- Constraints for table `thanhvien`
--
ALTER TABLE `thanhvien`
  ADD CONSTRAINT `FK_THANHVIEN_TAIKHOAN` FOREIGN KEY (`TenDN`) REFERENCES `taikhoan` (`TenDN`);

/*!40101 SET CHARACTER_SET_CLIENT=@OLD_CHARACTER_SET_CLIENT */;
/*!40101 SET CHARACTER_SET_RESULTS=@OLD_CHARACTER_SET_RESULTS */;
/*!40101 SET COLLATION_CONNECTION=@OLD_COLLATION_CONNECTION */;
